{
    "accuracy": 0.9051950053954062,
    "report": {
        "0": {
            "precision": 0.8772785991100904,
            "recall": 0.9421920764606135,
            "f1-score": 0.9085773747584361,
            "support": 6487.0
        },
        "2": {
            "precision": 0.9375728316963543,
            "recall": 0.8681979343301989,
            "f1-score": 0.9015527453177525,
            "support": 6487.0
        },
        "accuracy": 0.9051950053954062,
        "macro avg": {
            "precision": 0.9074257154032224,
            "recall": 0.9051950053954062,
            "f1-score": 0.9050650600380943,
            "support": 12974.0
        },
        "weighted avg": {
            "precision": 0.9074257154032223,
            "recall": 0.9051950053954062,
            "f1-score": 0.9050650600380943,
            "support": 12974.0
        }
    },
    "model_version": "stress_model_20260218_173156.pkl"
}